{"dp_sex": 0.7595628415300546, "dp_age": 0.6944704779756327}